date,name,age,sexe,Categorie
2018-01-03,Ankit,25,F,Autre
2018-02-03,Jalfaizy,22,M,Autre
2018-01-05,saurabh,20,F,Jeune Fille
2018-01-12,Bala,26,F,Autre
2018-07-09,Jules,19,M,Autre
2018-03-18,Arild,43,M,Autre
2018-01-05,sarah,20,F,Jeune Fille
2018-08-12,Boly,33,M,Autre
2018-04-06,Anita,35,F,Autre
2018-12-06,Jules,22,M,Autre
2018-07-24,Soul,20,M,Autre
2018-06-17,Gral,54,F,Autre
2018-09-07,Apoh,18,M,Autre
2018-10-04,Dony,32,M,Autre
2018-02-05,Tanoh,31,M,Autre
2018-11-12,Issouf,27,M,Autre
2018-10-03,Bil√©,29,F,Autre
2018-05-03,Gagnon,20,M,Autre
2018-03-05,Papiss,28,F,Autre
2018-02-12,Kravitz,34,F,Autre
2018-05-09,Mouli,35,F,Autre
2018-08-03,Jacques,27,M,Autre
2018-12-05,soum,22,M,Autre
2018-04-12,MBra,36,F,Autre
